{"cameraMode":{"drawMode":0,"name":"Shaded","section":"Shading Mode"},"sceneLighting":true,"audioPlay":false,"sceneViewState":{"m_AlwaysRefresh":false,"showFog":true,"showSkybox":true,"showFlares":true,"showImageEffects":true,"showParticleSystems":true,"showVisualEffectGraphs":true,"m_FxEnabled":true},"in2DMode":false,"pivot":{"x":-0.0671633780002594,"y":0.7941420078277588,"z":-0.09456920623779297},"rotation":{"x":0.17785707116127015,"y":0.0044238693080842499,"z":-0.0008005524287000299,"w":0.9840490818023682},"size":15.877863883972168,"orthographic":false}