{"cameraMode":{"drawMode":0,"name":"Shaded","section":"Shading Mode"},"sceneLighting":true,"audioPlay":false,"sceneViewState":{"m_AlwaysRefresh":false,"showFog":true,"showSkybox":true,"showFlares":true,"showImageEffects":true,"showParticleSystems":true,"showVisualEffectGraphs":true,"m_FxEnabled":false},"in2DMode":false,"pivot":{"x":-38.95384979248047,"y":9.035453796386719,"z":246.53076171875},"rotation":{"x":-0.7024433612823486,"y":-0.0006367819732986391,"z":0.0006402754806913436,"w":-0.7117627263069153},"size":432.28729248046877,"orthographic":false}